subject,session,block_1,block_2,block_3,block_4,block_5,block_6,block_7,block_8,block_9,block_10,block_11,block_12,block_13,block_14,block_15,block_16,block_17,block_18,block_19,block_20,block_21,block_22,block_23,block_24,block_25,block_26,block_27,block_28,block_29,block_30
000,001,rossion,humans,rossion,humans,rossion,humans,rossion,humans,rossion,humans,humans,rossion,humans,rossion,humans,rossion,rossion,humans,rossion,humans,rossion,humans,rossion,humans,rossion,humans,humans,rossion,rossion,humans
000,002,rossion,humans,rossion,humans,rossion,humans,humans,rossion,humans,rossion,rossion,humans,humans,rossion,humans,rossion,humans,rossion,rossion,humans,humans,rossion,rossion,humans,rossion,humans,humans,rossion,rossion,humans
000,003,rossion,humans,humans,rossion,rossion,humans,rossion,humans,humans,rossion,rossion,humans,humans,rossion,rossion,humans,rossion,humans,rossion,humans,rossion,humans,rossion,humans,rossion,humans,humans,rossion,humans,rossion
000,004,humans,rossion,humans,rossion,humans,rossion,rossion,humans,rossion,humans,humans,rossion,humans,rossion,humans,rossion,humans,rossion,rossion,humans,humans,rossion,humans,rossion,humans,rossion,humans,rossion,rossion,humans
000,005,rossion,humans,humans,rossion,rossion,humans,rossion,humans,rossion,humans,rossion,humans,rossion,humans,humans,rossion,rossion,humans,humans,rossion,humans,rossion,rossion,humans,rossion,humans,rossion,humans,humans,rossion
000,006,humans,rossion,humans,rossion,rossion,humans,rossion,humans,humans,rossion,rossion,humans,humans,rossion,rossion,humans,humans,rossion,rossion,humans,rossion,humans,rossion,humans,humans,rossion,humans,rossion,rossion,humans
000,007,rossion,humans,humans,rossion,humans,rossion,rossion,humans,humans,rossion,rossion,humans,humans,rossion,rossion,humans,humans,rossion,humans,rossion,humans,rossion,humans,rossion,humans,rossion,humans,rossion,rossion,humans
000,008,humans,rossion,rossion,humans,rossion,humans,humans,rossion,humans,rossion,rossion,humans,rossion,humans,humans,rossion,humans,rossion,rossion,humans,rossion,humans,humans,rossion,rossion,humans,rossion,humans,humans,rossion
000,009,rossion,humans,rossion,humans,humans,rossion,rossion,humans,rossion,humans,rossion,humans,rossion,humans,rossion,humans,humans,rossion,rossion,humans,humans,rossion,humans,rossion,rossion,humans,rossion,humans,rossion,humans
000,010,humans,rossion,rossion,humans,rossion,humans,rossion,humans,rossion,humans,humans,rossion,rossion,humans,rossion,humans,humans,rossion,humans,rossion,rossion,humans,rossion,humans,humans,rossion,humans,rossion,humans,rossion
001,001,rossion,humans,humans,rossion,humans,rossion,humans,rossion,humans,rossion,humans,rossion,humans,rossion,humans,rossion,humans,rossion,rossion,humans,rossion,humans,rossion,humans,rossion,humans,rossion,humans,rossion,humans
001,002,humans,rossion,rossion,humans,rossion,humans,rossion,humans,humans,rossion,rossion,humans,humans,rossion,rossion,humans,humans,rossion,rossion,humans,rossion,humans,rossion,humans,humans,rossion,humans,rossion,rossion,humans
001,003,rossion,humans,humans,rossion,rossion,humans,rossion,humans,rossion,humans,rossion,humans,rossion,humans,rossion,humans,rossion,humans,rossion,humans,rossion,humans,rossion,humans,rossion,humans,humans,rossion,rossion,humans
001,004,humans,rossion,rossion,humans,rossion,humans,rossion,humans,humans,rossion,rossion,humans,rossion,humans,rossion,humans,humans,rossion,rossion,humans,humans,rossion,rossion,humans,rossion,humans,rossion,humans,rossion,humans
001,005,rossion,humans,humans,rossion,humans,rossion,humans,rossion,rossion,humans,humans,rossion,humans,rossion,rossion,humans,humans,rossion,rossion,humans,humans,rossion,rossion,humans,humans,rossion,humans,rossion,humans,rossion
001,006,humans,rossion,rossion,humans,humans,rossion,rossion,humans,rossion,humans,humans,rossion,humans,rossion,rossion,humans,rossion,humans,humans,rossion,rossion,humans,rossion,humans,humans,rossion,humans,rossion,rossion,humans
001,007,humans,rossion,rossion,humans,humans,rossion,rossion,humans,humans,rossion,rossion,humans,humans,rossion,rossion,humans,humans,rossion,humans,rossion,humans,rossion,humans,rossion,rossion,humans,humans,rossion,humans,rossion
001,008,rossion,humans,humans,rossion,rossion,humans,rossion,humans,humans,rossion,humans,rossion,humans,rossion,rossion,humans,rossion,humans,rossion,humans,rossion,humans,humans,rossion,humans,rossion,humans,rossion,humans,rossion
001,009,rossion,humans,humans,rossion,humans,rossion,rossion,humans,rossion,humans,humans,rossion,humans,rossion,humans,rossion,rossion,humans,humans,rossion,rossion,humans,humans,rossion,rossion,humans,rossion,humans,rossion,humans
001,010,humans,rossion,rossion,humans,rossion,humans,humans,rossion,humans,rossion,humans,rossion,humans,rossion,humans,rossion,rossion,humans,rossion,humans,humans,rossion,humans,rossion,rossion,humans,rossion,humans,humans,rossion
002,001,rossion,humans,humans,rossion,humans,rossion,rossion,humans,humans,rossion,humans,rossion,humans,rossion,humans,rossion,humans,rossion,humans,rossion,rossion,humans,humans,rossion,humans,rossion,rossion,humans,humans,rossion
002,002,rossion,humans,rossion,humans,humans,rossion,rossion,humans,humans,rossion,humans,rossion,humans,rossion,humans,rossion,humans,rossion,humans,rossion,humans,rossion,rossion,humans,rossion,humans,humans,rossion,humans,rossion
002,003,rossion,humans,humans,rossion,rossion,humans,rossion,humans,rossion,humans,humans,rossion,rossion,humans,rossion,humans,rossion,humans,humans,rossion,rossion,humans,humans,rossion,humans,rossion,humans,rossion,rossion,humans
002,004,humans,rossion,humans,rossion,humans,rossion,humans,rossion,humans,rossion,humans,rossion,humans,rossion,rossion,humans,rossion,humans,humans,rossion,rossion,humans,humans,rossion,humans,rossion,humans,rossion,humans,rossion
002,005,humans,rossion,humans,rossion,humans,rossion,humans,rossion,humans,rossion,humans,rossion,humans,rossion,rossion,humans,humans,rossion,humans,rossion,rossion,humans,rossion,humans,humans,rossion,rossion,humans,rossion,humans
002,006,humans,rossion,humans,rossion,rossion,humans,rossion,humans,humans,rossion,rossion,humans,humans,rossion,humans,rossion,humans,rossion,rossion,humans,humans,rossion,humans,rossion,humans,rossion,humans,rossion,rossion,humans
002,007,humans,rossion,humans,rossion,humans,rossion,humans,rossion,rossion,humans,humans,rossion,rossion,humans,rossion,humans,rossion,humans,humans,rossion,humans,rossion,humans,rossion,humans,rossion,rossion,humans,rossion,humans
002,008,humans,rossion,rossion,humans,rossion,humans,rossion,humans,rossion,humans,humans,rossion,rossion,humans,humans,rossion,humans,rossion,humans,rossion,rossion,humans,humans,rossion,humans,rossion,rossion,humans,rossion,humans
002,009,rossion,humans,humans,rossion,rossion,humans,rossion,humans,rossion,humans,rossion,humans,humans,rossion,humans,rossion,humans,rossion,humans,rossion,rossion,humans,rossion,humans,rossion,humans,rossion,humans,humans,rossion
002,010,rossion,humans,rossion,humans,rossion,humans,humans,rossion,rossion,humans,rossion,humans,humans,rossion,humans,rossion,rossion,humans,humans,rossion,rossion,humans,rossion,humans,rossion,humans,rossion,humans,rossion,humans
003,001,humans,rossion,rossion,humans,rossion,humans,rossion,humans,rossion,humans,humans,rossion,humans,rossion,rossion,humans,humans,rossion,rossion,humans,rossion,humans,rossion,humans,humans,rossion,rossion,humans,rossion,humans
003,002,rossion,humans,rossion,humans,humans,rossion,humans,rossion,rossion,humans,rossion,humans,humans,rossion,rossion,humans,humans,rossion,rossion,humans,humans,rossion,humans,rossion,humans,rossion,humans,rossion,rossion,humans
003,003,humans,rossion,rossion,humans,rossion,humans,humans,rossion,rossion,humans,humans,rossion,humans,rossion,rossion,humans,humans,rossion,rossion,humans,rossion,humans,humans,rossion,humans,rossion,humans,rossion,humans,rossion
003,004,rossion,humans,humans,rossion,rossion,humans,rossion,humans,rossion,humans,humans,rossion,humans,rossion,humans,rossion,rossion,humans,rossion,humans,rossion,humans,rossion,humans,rossion,humans,humans,rossion,humans,rossion
003,005,rossion,humans,rossion,humans,humans,rossion,humans,rossion,rossion,humans,humans,rossion,rossion,humans,rossion,humans,humans,rossion,humans,rossion,rossion,humans,humans,rossion,humans,rossion,humans,rossion,rossion,humans
003,006,humans,rossion,humans,rossion,humans,rossion,rossion,humans,humans,rossion,rossion,humans,humans,rossion,rossion,humans,rossion,humans,humans,rossion,humans,rossion,humans,rossion,rossion,humans,humans,rossion,humans,rossion
003,007,rossion,humans,rossion,humans,rossion,humans,rossion,humans,rossion,humans,rossion,humans,rossion,humans,rossion,humans,humans,rossion,rossion,humans,rossion,humans,rossion,humans,rossion,humans,humans,rossion,rossion,humans
003,008,humans,rossion,rossion,humans,rossion,humans,humans,rossion,rossion,humans,humans,rossion,rossion,humans,rossion,humans,humans,rossion,rossion,humans,humans,rossion,rossion,humans,rossion,humans,humans,rossion,rossion,humans
003,009,rossion,humans,rossion,humans,humans,rossion,rossion,humans,rossion,humans,rossion,humans,humans,rossion,rossion,humans,rossion,humans,humans,rossion,humans,rossion,humans,rossion,rossion,humans,rossion,humans,humans,rossion
003,010,rossion,humans,rossion,humans,rossion,humans,rossion,humans,humans,rossion,rossion,humans,rossion,humans,rossion,humans,humans,rossion,humans,rossion,rossion,humans,rossion,humans,rossion,humans,humans,rossion,rossion,humans
004,001,rossion,humans,rossion,humans,rossion,humans,rossion,humans,rossion,humans,rossion,humans,rossion,humans,rossion,humans,humans,rossion,rossion,humans,rossion,humans,humans,rossion,humans,rossion,humans,rossion,rossion,humans
004,002,humans,rossion,humans,rossion,humans,rossion,humans,rossion,rossion,humans,humans,rossion,rossion,humans,humans,rossion,rossion,humans,rossion,humans,humans,rossion,rossion,humans,rossion,humans,rossion,humans,humans,rossion
004,003,humans,rossion,humans,rossion,rossion,humans,humans,rossion,humans,rossion,rossion,humans,humans,rossion,rossion,humans,humans,rossion,rossion,humans,humans,rossion,humans,rossion,humans,rossion,rossion,humans,rossion,humans
004,004,humans,rossion,rossion,humans,humans,rossion,humans,rossion,humans,rossion,humans,rossion,rossion,humans,humans,rossion,rossion,humans,humans,rossion,humans,rossion,rossion,humans,rossion,humans,rossion,humans,humans,rossion
004,005,rossion,humans,humans,rossion,rossion,humans,rossion,humans,rossion,humans,humans,rossion,humans,rossion,humans,rossion,humans,rossion,rossion,humans,rossion,humans,humans,rossion,humans,rossion,rossion,humans,rossion,humans
004,006,rossion,humans,humans,rossion,rossion,humans,humans,rossion,rossion,humans,rossion,humans,rossion,humans,humans,rossion,humans,rossion,humans,rossion,rossion,humans,rossion,humans,rossion,humans,rossion,humans,rossion,humans
004,007,rossion,humans,rossion,humans,rossion,humans,rossion,humans,humans,rossion,humans,rossion,humans,rossion,rossion,humans,humans,rossion,humans,rossion,rossion,humans,rossion,humans,rossion,humans,humans,rossion,rossion,humans
004,008,humans,rossion,rossion,humans,humans,rossion,humans,rossion,humans,rossion,humans,rossion,rossion,humans,humans,rossion,rossion,humans,rossion,humans,rossion,humans,humans,rossion,rossion,humans,humans,rossion,humans,rossion
004,009,humans,rossion,humans,rossion,rossion,humans,rossion,humans,rossion,humans,rossion,humans,rossion,humans,rossion,humans,humans,rossion,rossion,humans,humans,rossion,rossion,humans,rossion,humans,humans,rossion,rossion,humans
004,010,rossion,humans,rossion,humans,humans,rossion,rossion,humans,humans,rossion,rossion,humans,rossion,humans,rossion,humans,humans,rossion,rossion,humans,rossion,humans,humans,rossion,rossion,humans,humans,rossion,rossion,humans
005,001,humans,rossion,rossion,humans,humans,rossion,humans,rossion,rossion,humans,rossion,humans,rossion,humans,rossion,humans,rossion,humans,rossion,humans,humans,rossion,humans,rossion,rossion,humans,humans,rossion,rossion,humans
005,002,humans,rossion,humans,rossion,humans,rossion,humans,rossion,humans,rossion,rossion,humans,humans,rossion,humans,rossion,rossion,humans,rossion,humans,rossion,humans,humans,rossion,rossion,humans,humans,rossion,humans,rossion
005,003,humans,rossion,rossion,humans,humans,rossion,rossion,humans,rossion,humans,humans,rossion,humans,rossion,rossion,humans,humans,rossion,humans,rossion,rossion,humans,humans,rossion,humans,rossion,humans,rossion,humans,rossion
005,004,humans,rossion,rossion,humans,rossion,humans,rossion,humans,humans,rossion,humans,rossion,humans,rossion,rossion,humans,humans,rossion,rossion,humans,rossion,humans,humans,rossion,rossion,humans,rossion,humans,humans,rossion
005,005,humans,rossion,rossion,humans,humans,rossion,rossion,humans,humans,rossion,rossion,humans,rossion,humans,rossion,humans,rossion,humans,rossion,humans,humans,rossion,humans,rossion,humans,rossion,rossion,humans,humans,rossion
005,006,rossion,humans,humans,rossion,rossion,humans,rossion,humans,rossion,humans,rossion,humans,humans,rossion,rossion,humans,rossion,humans,rossion,humans,rossion,humans,rossion,humans,humans,rossion,rossion,humans,rossion,humans
005,007,humans,rossion,rossion,humans,rossion,humans,rossion,humans,humans,rossion,rossion,humans,humans,rossion,rossion,humans,humans,rossion,rossion,humans,rossion,humans,rossion,humans,humans,rossion,rossion,humans,rossion,humans
005,008,rossion,humans,rossion,humans,humans,rossion,humans,rossion,rossion,humans,rossion,humans,humans,rossion,humans,rossion,rossion,humans,humans,rossion,humans,rossion,humans,rossion,humans,rossion,rossion,humans,rossion,humans
005,009,rossion,humans,rossion,humans,humans,rossion,rossion,humans,humans,rossion,humans,rossion,rossion,humans,humans,rossion,rossion,humans,humans,rossion,rossion,humans,rossion,humans,rossion,humans,humans,rossion,rossion,humans
005,010,rossion,humans,humans,rossion,rossion,humans,humans,rossion,rossion,humans,humans,rossion,humans,rossion,humans,rossion,humans,rossion,humans,rossion,humans,rossion,humans,rossion,humans,rossion,rossion,humans,rossion,humans
006,001,humans,rossion,rossion,humans,humans,rossion,humans,rossion,rossion,humans,rossion,humans,rossion,humans,rossion,humans,rossion,humans,rossion,humans,rossion,humans,humans,rossion,rossion,humans,rossion,humans,humans,rossion
006,002,humans,rossion,rossion,humans,rossion,humans,rossion,humans,humans,rossion,humans,rossion,humans,rossion,humans,rossion,rossion,humans,humans,rossion,humans,rossion,rossion,humans,humans,rossion,rossion,humans,humans,rossion
006,003,humans,rossion,humans,rossion,rossion,humans,humans,rossion,humans,rossion,rossion,humans,rossion,humans,humans,rossion,rossion,humans,rossion,humans,humans,rossion,humans,rossion,humans,rossion,humans,rossion,humans,rossion
006,004,rossion,humans,rossion,humans,humans,rossion,humans,rossion,humans,rossion,humans,rossion,rossion,humans,humans,rossion,humans,rossion,rossion,humans,rossion,humans,humans,rossion,humans,rossion,humans,rossion,rossion,humans
006,005,rossion,humans,rossion,humans,humans,rossion,rossion,humans,rossion,humans,humans,rossion,humans,rossion,humans,rossion,humans,rossion,rossion,humans,humans,rossion,humans,rossion,rossion,humans,rossion,humans,rossion,humans
006,006,humans,rossion,humans,rossion,rossion,humans,humans,rossion,rossion,humans,rossion,humans,humans,rossion,humans,rossion,humans,rossion,humans,rossion,rossion,humans,humans,rossion,humans,rossion,humans,rossion,rossion,humans
006,007,rossion,humans,humans,rossion,humans,rossion,humans,rossion,rossion,humans,rossion,humans,rossion,humans,humans,rossion,humans,rossion,humans,rossion,humans,rossion,humans,rossion,humans,rossion,humans,rossion,humans,rossion
006,008,rossion,humans,rossion,humans,rossion,humans,rossion,humans,humans,rossion,humans,rossion,humans,rossion,rossion,humans,rossion,humans,rossion,humans,rossion,humans,rossion,humans,humans,rossion,humans,rossion,humans,rossion
006,009,humans,rossion,rossion,humans,rossion,humans,rossion,humans,humans,rossion,rossion,humans,humans,rossion,rossion,humans,rossion,humans,rossion,humans,rossion,humans,humans,rossion,rossion,humans,rossion,humans,humans,rossion
006,010,rossion,humans,humans,rossion,rossion,humans,humans,rossion,rossion,humans,humans,rossion,humans,rossion,humans,rossion,rossion,humans,rossion,humans,rossion,humans,humans,rossion,humans,rossion,humans,rossion,rossion,humans
007,001,rossion,humans,humans,rossion,rossion,humans,rossion,humans,humans,rossion,humans,rossion,rossion,humans,humans,rossion,rossion,humans,rossion,humans,rossion,humans,rossion,humans,rossion,humans,humans,rossion,humans,rossion
007,002,humans,rossion,rossion,humans,humans,rossion,humans,rossion,humans,rossion,humans,rossion,humans,rossion,rossion,humans,humans,rossion,rossion,humans,rossion,humans,humans,rossion,humans,rossion,humans,rossion,rossion,humans
007,003,rossion,humans,rossion,humans,rossion,humans,rossion,humans,humans,rossion,rossion,humans,humans,rossion,rossion,humans,rossion,humans,humans,rossion,rossion,humans,rossion,humans,rossion,humans,humans,rossion,rossion,humans
007,004,humans,rossion,humans,rossion,rossion,humans,humans,rossion,humans,rossion,rossion,humans,humans,rossion,rossion,humans,rossion,humans,humans,rossion,humans,rossion,humans,rossion,rossion,humans,humans,rossion,rossion,humans
007,005,humans,rossion,rossion,humans,rossion,humans,humans,rossion,humans,rossion,rossion,humans,rossion,humans,humans,rossion,rossion,humans,humans,rossion,humans,rossion,humans,rossion,rossion,humans,humans,rossion,humans,rossion
007,006,rossion,humans,humans,rossion,rossion,humans,humans,rossion,rossion,humans,rossion,humans,humans,rossion,humans,rossion,humans,rossion,humans,rossion,rossion,humans,humans,rossion,rossion,humans,rossion,humans,rossion,humans
007,007,rossion,humans,rossion,humans,humans,rossion,rossion,humans,rossion,humans,rossion,humans,rossion,humans,rossion,humans,humans,rossion,humans,rossion,humans,rossion,rossion,humans,rossion,humans,rossion,humans,humans,rossion
007,008,humans,rossion,humans,rossion,rossion,humans,humans,rossion,rossion,humans,rossion,humans,humans,rossion,rossion,humans,humans,rossion,humans,rossion,humans,rossion,humans,rossion,rossion,humans,rossion,humans,humans,rossion
007,009,humans,rossion,rossion,humans,humans,rossion,humans,rossion,rossion,humans,humans,rossion,rossion,humans,humans,rossion,rossion,humans,rossion,humans,humans,rossion,humans,rossion,rossion,humans,humans,rossion,humans,rossion
007,010,rossion,humans,rossion,humans,rossion,humans,humans,rossion,rossion,humans,humans,rossion,rossion,humans,humans,rossion,humans,rossion,humans,rossion,rossion,humans,rossion,humans,rossion,humans,rossion,humans,rossion,humans
008,001,rossion,humans,humans,rossion,humans,rossion,rossion,humans,humans,rossion,humans,rossion,rossion,humans,humans,rossion,rossion,humans,humans,rossion,rossion,humans,rossion,humans,rossion,humans,rossion,humans,humans,rossion
008,002,rossion,humans,rossion,humans,humans,rossion,rossion,humans,humans,rossion,rossion,humans,rossion,humans,humans,rossion,rossion,humans,humans,rossion,humans,rossion,humans,rossion,humans,rossion,rossion,humans,humans,rossion
008,003,humans,rossion,rossion,humans,rossion,humans,rossion,humans,humans,rossion,rossion,humans,humans,rossion,rossion,humans,rossion,humans,humans,rossion,rossion,humans,humans,rossion,humans,rossion,rossion,humans,rossion,humans
008,004,humans,rossion,humans,rossion,rossion,humans,rossion,humans,humans,rossion,humans,rossion,humans,rossion,humans,rossion,humans,rossion,rossion,humans,humans,rossion,rossion,humans,humans,rossion,rossion,humans,rossion,humans
008,005,humans,rossion,rossion,humans,rossion,humans,rossion,humans,rossion,humans,humans,rossion,humans,rossion,humans,rossion,rossion,humans,humans,rossion,humans,rossion,humans,rossion,humans,rossion,rossion,humans,humans,rossion
008,006,rossion,humans,rossion,humans,rossion,humans,humans,rossion,rossion,humans,humans,rossion,rossion,humans,humans,rossion,humans,rossion,humans,rossion,rossion,humans,humans,rossion,rossion,humans,rossion,humans,rossion,humans
008,007,rossion,humans,humans,rossion,humans,rossion,humans,rossion,humans,rossion,humans,rossion,humans,rossion,humans,rossion,humans,rossion,rossion,humans,humans,rossion,humans,rossion,humans,rossion,humans,rossion,humans,rossion
008,008,humans,rossion,rossion,humans,rossion,humans,rossion,humans,humans,rossion,rossion,humans,humans,rossion,rossion,humans,humans,rossion,humans,rossion,humans,rossion,humans,rossion,humans,rossion,rossion,humans,humans,rossion
008,009,humans,rossion,rossion,humans,humans,rossion,humans,rossion,rossion,humans,humans,rossion,rossion,humans,rossion,humans,humans,rossion,humans,rossion,rossion,humans,humans,rossion,rossion,humans,rossion,humans,humans,rossion
008,010,humans,rossion,humans,rossion,humans,rossion,rossion,humans,humans,rossion,humans,rossion,rossion,humans,humans,rossion,humans,rossion,rossion,humans,humans,rossion,humans,rossion,rossion,humans,rossion,humans,humans,rossion
009,001,rossion,humans,rossion,humans,rossion,humans,humans,rossion,rossion,humans,humans,rossion,rossion,humans,rossion,humans,rossion,humans,humans,rossion,rossion,humans,humans,rossion,rossion,humans,rossion,humans,rossion,humans
009,002,humans,rossion,rossion,humans,humans,rossion,humans,rossion,humans,rossion,rossion,humans,humans,rossion,rossion,humans,humans,rossion,humans,rossion,humans,rossion,rossion,humans,rossion,humans,rossion,humans,humans,rossion
009,003,humans,rossion,humans,rossion,rossion,humans,rossion,humans,humans,rossion,rossion,humans,humans,rossion,rossion,humans,rossion,humans,humans,rossion,rossion,humans,humans,rossion,humans,rossion,rossion,humans,rossion,humans
009,004,humans,rossion,humans,rossion,rossion,humans,rossion,humans,humans,rossion,rossion,humans,humans,rossion,humans,rossion,humans,rossion,rossion,humans,humans,rossion,humans,rossion,humans,rossion,rossion,humans,humans,rossion
009,005,rossion,humans,rossion,humans,rossion,humans,rossion,humans,rossion,humans,humans,rossion,humans,rossion,humans,rossion,humans,rossion,rossion,humans,humans,rossion,rossion,humans,rossion,humans,humans,rossion,humans,rossion
009,006,humans,rossion,humans,rossion,rossion,humans,rossion,humans,humans,rossion,rossion,humans,humans,rossion,humans,rossion,rossion,humans,humans,rossion,rossion,humans,rossion,humans,humans,rossion,humans,rossion,humans,rossion
009,007,rossion,humans,humans,rossion,humans,rossion,humans,rossion,rossion,humans,humans,rossion,rossion,humans,humans,rossion,rossion,humans,humans,rossion,humans,rossion,rossion,humans,rossion,humans,rossion,humans,humans,rossion
009,008,humans,rossion,rossion,humans,humans,rossion,humans,rossion,rossion,humans,humans,rossion,humans,rossion,rossion,humans,rossion,humans,humans,rossion,humans,rossion,humans,rossion,rossion,humans,humans,rossion,rossion,humans
009,009,rossion,humans,humans,rossion,humans,rossion,humans,rossion,humans,rossion,rossion,humans,rossion,humans,humans,rossion,rossion,humans,rossion,humans,humans,rossion,rossion,humans,rossion,humans,humans,rossion,rossion,humans
009,010,rossion,humans,humans,rossion,humans,rossion,rossion,humans,humans,rossion,rossion,humans,rossion,humans,humans,rossion,rossion,humans,humans,rossion,rossion,humans,rossion,humans,humans,rossion,humans,rossion,rossion,humans
010,001,humans,rossion,humans,rossion,rossion,humans,rossion,humans,rossion,humans,humans,rossion,humans,rossion,humans,rossion,rossion,humans,humans,rossion,rossion,humans,rossion,humans,humans,rossion,rossion,humans,humans,rossion
010,002,rossion,humans,humans,rossion,rossion,humans,rossion,humans,rossion,humans,humans,rossion,rossion,humans,humans,rossion,rossion,humans,humans,rossion,humans,rossion,rossion,humans,humans,rossion,humans,rossion,rossion,humans
010,003,humans,rossion,rossion,humans,humans,rossion,rossion,humans,rossion,humans,rossion,humans,humans,rossion,rossion,humans,rossion,humans,humans,rossion,humans,rossion,humans,rossion,humans,rossion,humans,rossion,humans,rossion
010,004,humans,rossion,rossion,humans,humans,rossion,rossion,humans,humans,rossion,rossion,humans,humans,rossion,humans,rossion,humans,rossion,rossion,humans,rossion,humans,humans,rossion,rossion,humans,rossion,humans,humans,rossion
010,005,humans,rossion,rossion,humans,humans,rossion,humans,rossion,humans,rossion,rossion,humans,humans,rossion,humans,rossion,rossion,humans,humans,rossion,rossion,humans,humans,rossion,humans,rossion,humans,rossion,rossion,humans
010,006,rossion,humans,rossion,humans,humans,rossion,rossion,humans,rossion,humans,humans,rossion,rossion,humans,rossion,humans,humans,rossion,rossion,humans,rossion,humans,humans,rossion,rossion,humans,rossion,humans,humans,rossion
010,007,rossion,humans,rossion,humans,humans,rossion,rossion,humans,humans,rossion,rossion,humans,rossion,humans,rossion,humans,rossion,humans,rossion,humans,rossion,humans,rossion,humans,humans,rossion,rossion,humans,humans,rossion
010,008,rossion,humans,rossion,humans,rossion,humans,rossion,humans,humans,rossion,humans,rossion,rossion,humans,rossion,humans,rossion,humans,rossion,humans,humans,rossion,humans,rossion,humans,rossion,rossion,humans,rossion,humans
010,009,humans,rossion,humans,rossion,rossion,humans,rossion,humans,humans,rossion,humans,rossion,rossion,humans,rossion,humans,humans,rossion,rossion,humans,rossion,humans,rossion,humans,rossion,humans,rossion,humans,humans,rossion
010,010,humans,rossion,rossion,humans,humans,rossion,humans,rossion,humans,rossion,rossion,humans,humans,rossion,humans,rossion,humans,rossion,rossion,humans,humans,rossion,rossion,humans,rossion,humans,rossion,humans,rossion,humans
011,001,rossion,humans,rossion,humans,rossion,humans,humans,rossion,rossion,humans,humans,rossion,humans,rossion,rossion,humans,rossion,humans,rossion,humans,humans,rossion,rossion,humans,humans,rossion,humans,rossion,humans,rossion
011,002,rossion,humans,humans,rossion,humans,rossion,humans,rossion,rossion,humans,rossion,humans,humans,rossion,humans,rossion,humans,rossion,humans,rossion,humans,rossion,rossion,humans,rossion,humans,humans,rossion,rossion,humans
011,003,humans,rossion,rossion,humans,humans,rossion,humans,rossion,humans,rossion,rossion,humans,rossion,humans,humans,rossion,humans,rossion,rossion,humans,rossion,humans,rossion,humans,humans,rossion,rossion,humans,rossion,humans
011,004,rossion,humans,rossion,humans,humans,rossion,rossion,humans,humans,rossion,humans,rossion,rossion,humans,rossion,humans,humans,rossion,rossion,humans,rossion,humans,humans,rossion,humans,rossion,humans,rossion,humans,rossion
011,005,rossion,humans,humans,rossion,humans,rossion,rossion,humans,humans,rossion,humans,rossion,rossion,humans,humans,rossion,rossion,humans,rossion,humans,humans,rossion,humans,rossion,rossion,humans,humans,rossion,rossion,humans
011,006,humans,rossion,rossion,humans,rossion,humans,rossion,humans,rossion,humans,humans,rossion,humans,rossion,rossion,humans,rossion,humans,rossion,humans,rossion,humans,humans,rossion,rossion,humans,rossion,humans,rossion,humans
011,007,humans,rossion,humans,rossion,humans,rossion,humans,rossion,rossion,humans,rossion,humans,rossion,humans,rossion,humans,rossion,humans,rossion,humans,rossion,humans,humans,rossion,rossion,humans,humans,rossion,rossion,humans
011,008,humans,rossion,rossion,humans,rossion,humans,humans,rossion,rossion,humans,humans,rossion,rossion,humans,rossion,humans,humans,rossion,rossion,humans,rossion,humans,rossion,humans,humans,rossion,rossion,humans,rossion,humans
011,009,humans,rossion,rossion,humans,humans,rossion,humans,rossion,rossion,humans,humans,rossion,humans,rossion,humans,rossion,rossion,humans,rossion,humans,humans,rossion,rossion,humans,rossion,humans,humans,rossion,humans,rossion
011,010,humans,rossion,rossion,humans,humans,rossion,rossion,humans,humans,rossion,humans,rossion,humans,rossion,humans,rossion,humans,rossion,humans,rossion,humans,rossion,rossion,humans,rossion,humans,rossion,humans,humans,rossion
012,001,humans,rossion,humans,rossion,humans,rossion,humans,rossion,rossion,humans,humans,rossion,rossion,humans,humans,rossion,humans,rossion,rossion,humans,rossion,humans,humans,rossion,humans,rossion,rossion,humans,rossion,humans
012,002,humans,rossion,rossion,humans,rossion,humans,rossion,humans,humans,rossion,rossion,humans,rossion,humans,rossion,humans,humans,rossion,rossion,humans,rossion,humans,humans,rossion,rossion,humans,humans,rossion,humans,rossion
012,003,rossion,humans,rossion,humans,humans,rossion,rossion,humans,humans,rossion,humans,rossion,humans,rossion,rossion,humans,humans,rossion,humans,rossion,humans,rossion,rossion,humans,humans,rossion,humans,rossion,rossion,humans
012,004,rossion,humans,rossion,humans,humans,rossion,rossion,humans,rossion,humans,rossion,humans,humans,rossion,rossion,humans,humans,rossion,humans,rossion,humans,rossion,humans,rossion,humans,rossion,humans,rossion,humans,rossion
012,005,humans,rossion,rossion,humans,humans,rossion,humans,rossion,rossion,humans,humans,rossion,humans,rossion,rossion,humans,rossion,humans,rossion,humans,humans,rossion,humans,rossion,rossion,humans,rossion,humans,humans,rossion
012,006,rossion,humans,humans,rossion,rossion,humans,rossion,humans,humans,rossion,rossion,humans,humans,rossion,rossion,humans,rossion,humans,humans,rossion,rossion,humans,humans,rossion,rossion,humans,rossion,humans,rossion,humans
012,007,rossion,humans,rossion,humans,rossion,humans,humans,rossion,humans,rossion,humans,rossion,humans,rossion,humans,rossion,rossion,humans,rossion,humans,humans,rossion,humans,rossion,humans,rossion,rossion,humans,rossion,humans
012,008,humans,rossion,humans,rossion,humans,rossion,rossion,humans,rossion,humans,rossion,humans,humans,rossion,rossion,humans,humans,rossion,rossion,humans,rossion,humans,rossion,humans,humans,rossion,humans,rossion,humans,rossion
012,009,rossion,humans,rossion,humans,humans,rossion,humans,rossion,humans,rossion,humans,rossion,humans,rossion,humans,rossion,rossion,humans,rossion,humans,humans,rossion,humans,rossion,humans,rossion,rossion,humans,rossion,humans
012,010,rossion,humans,humans,rossion,rossion,humans,humans,rossion,humans,rossion,rossion,humans,rossion,humans,humans,rossion,rossion,humans,rossion,humans,rossion,humans,humans,rossion,humans,rossion,humans,rossion,humans,rossion
013,001,humans,rossion,humans,rossion,rossion,humans,humans,rossion,rossion,humans,rossion,humans,rossion,humans,rossion,humans,humans,rossion,rossion,humans,humans,rossion,humans,rossion,humans,rossion,humans,rossion,humans,rossion
013,002,humans,rossion,humans,rossion,humans,rossion,rossion,humans,humans,rossion,humans,rossion,humans,rossion,humans,rossion,rossion,humans,humans,rossion,rossion,humans,rossion,humans,humans,rossion,rossion,humans,rossion,humans
013,003,humans,rossion,rossion,humans,rossion,humans,rossion,humans,rossion,humans,humans,rossion,rossion,humans,humans,rossion,rossion,humans,humans,rossion,humans,rossion,rossion,humans,rossion,humans,rossion,humans,humans,rossion
013,004,rossion,humans,rossion,humans,humans,rossion,humans,rossion,rossion,humans,humans,rossion,humans,rossion,humans,rossion,humans,rossion,rossion,humans,humans,rossion,rossion,humans,humans,rossion,rossion,humans,rossion,humans
013,005,humans,rossion,humans,rossion,humans,rossion,rossion,humans,rossion,humans,humans,rossion,humans,rossion,humans,rossion,humans,rossion,rossion,humans,rossion,humans,rossion,humans,humans,rossion,rossion,humans,rossion,humans
013,006,rossion,humans,humans,rossion,rossion,humans,humans,rossion,rossion,humans,humans,rossion,rossion,humans,rossion,humans,humans,rossion,humans,rossion,humans,rossion,humans,rossion,rossion,humans,humans,rossion,humans,rossion
013,007,rossion,humans,rossion,humans,humans,rossion,rossion,humans,rossion,humans,humans,rossion,humans,rossion,rossion,humans,humans,rossion,rossion,humans,rossion,humans,rossion,humans,humans,rossion,humans,rossion,rossion,humans
013,008,rossion,humans,rossion,humans,humans,rossion,humans,rossion,rossion,humans,humans,rossion,humans,rossion,humans,rossion,humans,rossion,humans,rossion,rossion,humans,humans,rossion,humans,rossion,humans,rossion,rossion,humans
013,009,rossion,humans,rossion,humans,rossion,humans,rossion,humans,rossion,humans,rossion,humans,rossion,humans,humans,rossion,humans,rossion,rossion,humans,rossion,humans,humans,rossion,rossion,humans,rossion,humans,humans,rossion
013,010,rossion,humans,rossion,humans,humans,rossion,humans,rossion,rossion,humans,humans,rossion,humans,rossion,rossion,humans,humans,rossion,humans,rossion,rossion,humans,humans,rossion,rossion,humans,rossion,humans,rossion,humans
014,001,rossion,humans,humans,rossion,rossion,humans,humans,rossion,rossion,humans,humans,rossion,rossion,humans,humans,rossion,rossion,humans,rossion,humans,humans,rossion,rossion,humans,humans,rossion,rossion,humans,rossion,humans
014,002,rossion,humans,humans,rossion,humans,rossion,humans,rossion,humans,rossion,rossion,humans,rossion,humans,rossion,humans,rossion,humans,humans,rossion,humans,rossion,rossion,humans,humans,rossion,humans,rossion,rossion,humans
014,003,rossion,humans,rossion,humans,rossion,humans,humans,rossion,rossion,humans,humans,rossion,humans,rossion,humans,rossion,rossion,humans,rossion,humans,humans,rossion,rossion,humans,humans,rossion,humans,rossion,rossion,humans
014,004,humans,rossion,rossion,humans,humans,rossion,rossion,humans,humans,rossion,humans,rossion,rossion,humans,rossion,humans,rossion,humans,humans,rossion,humans,rossion,humans,rossion,rossion,humans,rossion,humans,rossion,humans
014,005,rossion,humans,rossion,humans,humans,rossion,rossion,humans,rossion,humans,humans,rossion,humans,rossion,humans,rossion,rossion,humans,humans,rossion,humans,rossion,rossion,humans,humans,rossion,humans,rossion,humans,rossion
014,006,rossion,humans,rossion,humans,humans,rossion,rossion,humans,humans,rossion,rossion,humans,rossion,humans,rossion,humans,rossion,humans,rossion,humans,humans,rossion,humans,rossion,humans,rossion,rossion,humans,rossion,humans
014,007,humans,rossion,rossion,humans,humans,rossion,rossion,humans,humans,rossion,humans,rossion,rossion,humans,rossion,humans,humans,rossion,rossion,humans,rossion,humans,rossion,humans,rossion,humans,humans,rossion,rossion,humans
014,008,rossion,humans,humans,rossion,rossion,humans,rossion,humans,rossion,humans,rossion,humans,humans,rossion,rossion,humans,rossion,humans,rossion,humans,rossion,humans,rossion,humans,rossion,humans,humans,rossion,humans,rossion
014,009,humans,rossion,rossion,humans,rossion,humans,humans,rossion,humans,rossion,rossion,humans,humans,rossion,humans,rossion,humans,rossion,rossion,humans,rossion,humans,humans,rossion,rossion,humans,humans,rossion,humans,rossion
014,010,humans,rossion,rossion,humans,rossion,humans,humans,rossion,humans,rossion,humans,rossion,humans,rossion,humans,rossion,rossion,humans,humans,rossion,rossion,humans,humans,rossion,rossion,humans,humans,rossion,rossion,humans
015,001,humans,rossion,humans,rossion,humans,rossion,humans,rossion,humans,rossion,humans,rossion,rossion,humans,rossion,humans,humans,rossion,humans,rossion,humans,rossion,rossion,humans,humans,rossion,rossion,humans,humans,rossion
015,002,rossion,humans,humans,rossion,humans,rossion,rossion,humans,rossion,humans,rossion,humans,humans,rossion,rossion,humans,rossion,humans,rossion,humans,rossion,humans,rossion,humans,rossion,humans,rossion,humans,humans,rossion
015,003,humans,rossion,humans,rossion,humans,rossion,rossion,humans,humans,rossion,humans,rossion,rossion,humans,humans,rossion,rossion,humans,rossion,humans,humans,rossion,humans,rossion,humans,rossion,humans,rossion,rossion,humans
015,004,humans,rossion,humans,rossion,rossion,humans,rossion,humans,rossion,humans,rossion,humans,humans,rossion,rossion,humans,rossion,humans,humans,rossion,humans,rossion,humans,rossion,rossion,humans,rossion,humans,humans,rossion
015,005,rossion,humans,rossion,humans,rossion,humans,humans,rossion,rossion,humans,rossion,humans,rossion,humans,rossion,humans,rossion,humans,humans,rossion,humans,rossion,humans,rossion,humans,rossion,humans,rossion,humans,rossion
015,006,rossion,humans,humans,rossion,rossion,humans,rossion,humans,rossion,humans,humans,rossion,humans,rossion,rossion,humans,humans,rossion,rossion,humans,humans,rossion,rossion,humans,rossion,humans,rossion,humans,humans,rossion
015,007,rossion,humans,humans,rossion,humans,rossion,rossion,humans,rossion,humans,rossion,humans,humans,rossion,humans,rossion,humans,rossion,rossion,humans,rossion,humans,humans,rossion,rossion,humans,humans,rossion,rossion,humans
015,008,rossion,humans,rossion,humans,humans,rossion,rossion,humans,rossion,humans,rossion,humans,rossion,humans,humans,rossion,rossion,humans,rossion,humans,humans,rossion,humans,rossion,humans,rossion,humans,rossion,rossion,humans
015,009,rossion,humans,humans,rossion,rossion,humans,rossion,humans,rossion,humans,rossion,humans,humans,rossion,rossion,humans,rossion,humans,humans,rossion,humans,rossion,humans,rossion,rossion,humans,rossion,humans,humans,rossion
015,010,humans,rossion,humans,rossion,humans,rossion,rossion,humans,rossion,humans,humans,rossion,rossion,humans,humans,rossion,humans,rossion,humans,rossion,rossion,humans,humans,rossion,humans,rossion,humans,rossion,humans,rossion
016,001,humans,rossion,humans,rossion,rossion,humans,rossion,humans,rossion,humans,humans,rossion,humans,rossion,humans,rossion,humans,rossion,rossion,humans,rossion,humans,rossion,humans,humans,rossion,rossion,humans,humans,rossion
016,002,rossion,humans,rossion,humans,rossion,humans,rossion,humans,humans,rossion,humans,rossion,humans,rossion,rossion,humans,humans,rossion,rossion,humans,rossion,humans,humans,rossion,rossion,humans,rossion,humans,rossion,humans
016,003,rossion,humans,rossion,humans,humans,rossion,rossion,humans,humans,rossion,rossion,humans,humans,rossion,rossion,humans,humans,rossion,rossion,humans,rossion,humans,rossion,humans,rossion,humans,rossion,humans,humans,rossion
016,004,rossion,humans,rossion,humans,humans,rossion,humans,rossion,rossion,humans,rossion,humans,rossion,humans,rossion,humans,humans,rossion,humans,rossion,rossion,humans,rossion,humans,rossion,humans,humans,rossion,humans,rossion
016,005,humans,rossion,rossion,humans,rossion,humans,rossion,humans,humans,rossion,humans,rossion,rossion,humans,humans,rossion,rossion,humans,rossion,humans,humans,rossion,humans,rossion,humans,rossion,humans,rossion,humans,rossion
016,006,humans,rossion,humans,rossion,rossion,humans,humans,rossion,humans,rossion,rossion,humans,rossion,humans,rossion,humans,humans,rossion,humans,rossion,rossion,humans,humans,rossion,humans,rossion,rossion,humans,humans,rossion
016,007,rossion,humans,humans,rossion,rossion,humans,rossion,humans,rossion,humans,humans,rossion,rossion,humans,rossion,humans,humans,rossion,humans,rossion,humans,rossion,humans,rossion,rossion,humans,rossion,humans,rossion,humans
016,008,rossion,humans,rossion,humans,humans,rossion,rossion,humans,rossion,humans,rossion,humans,rossion,humans,humans,rossion,humans,rossion,humans,rossion,humans,rossion,humans,rossion,humans,rossion,humans,rossion,rossion,humans
016,009,humans,rossion,humans,rossion,rossion,humans,rossion,humans,rossion,humans,humans,rossion,rossion,humans,rossion,humans,rossion,humans,rossion,humans,humans,rossion,rossion,humans,humans,rossion,rossion,humans,rossion,humans
016,010,humans,rossion,rossion,humans,rossion,humans,humans,rossion,humans,rossion,rossion,humans,humans,rossion,rossion,humans,humans,rossion,humans,rossion,humans,rossion,rossion,humans,rossion,humans,rossion,humans,rossion,humans
017,001,humans,rossion,rossion,humans,rossion,humans,humans,rossion,rossion,humans,rossion,humans,rossion,humans,rossion,humans,humans,rossion,rossion,humans,rossion,humans,rossion,humans,humans,rossion,humans,rossion,rossion,humans
017,002,humans,rossion,humans,rossion,humans,rossion,humans,rossion,humans,rossion,rossion,humans,humans,rossion,rossion,humans,rossion,humans,humans,rossion,humans,rossion,humans,rossion,humans,rossion,humans,rossion,rossion,humans
017,003,rossion,humans,humans,rossion,rossion,humans,rossion,humans,humans,rossion,humans,rossion,humans,rossion,humans,rossion,humans,rossion,rossion,humans,rossion,humans,rossion,humans,humans,rossion,humans,rossion,rossion,humans
017,004,rossion,humans,rossion,humans,humans,rossion,humans,rossion,humans,rossion,humans,rossion,humans,rossion,rossion,humans,rossion,humans,rossion,humans,rossion,humans,rossion,humans,humans,rossion,humans,rossion,humans,rossion
017,005,rossion,humans,rossion,humans,rossion,humans,rossion,humans,rossion,humans,humans,rossion,rossion,humans,rossion,humans,rossion,humans,humans,rossion,humans,rossion,rossion,humans,humans,rossion,rossion,humans,rossion,humans
017,006,humans,rossion,rossion,humans,rossion,humans,rossion,humans,rossion,humans,rossion,humans,humans,rossion,humans,rossion,humans,rossion,humans,rossion,rossion,humans,rossion,humans,humans,rossion,humans,rossion,humans,rossion
017,007,rossion,humans,humans,rossion,humans,rossion,humans,rossion,humans,rossion,humans,rossion,rossion,humans,humans,rossion,humans,rossion,rossion,humans,humans,rossion,humans,rossion,humans,rossion,humans,rossion,humans,rossion
017,008,rossion,humans,rossion,humans,rossion,humans,humans,rossion,rossion,humans,humans,rossion,humans,rossion,humans,rossion,rossion,humans,rossion,humans,humans,rossion,humans,rossion,rossion,humans,rossion,humans,humans,rossion
017,009,rossion,humans,humans,rossion,humans,rossion,humans,rossion,humans,rossion,humans,rossion,rossion,humans,rossion,humans,humans,rossion,rossion,humans,rossion,humans,rossion,humans,humans,rossion,rossion,humans,humans,rossion
017,010,humans,rossion,humans,rossion,humans,rossion,rossion,humans,rossion,humans,rossion,humans,rossion,humans,rossion,humans,humans,rossion,rossion,humans,humans,rossion,rossion,humans,humans,rossion,humans,rossion,rossion,humans
018,001,humans,rossion,rossion,humans,rossion,humans,humans,rossion,humans,rossion,rossion,humans,humans,rossion,rossion,humans,rossion,humans,humans,rossion,rossion,humans,humans,rossion,rossion,humans,rossion,humans,humans,rossion
018,002,rossion,humans,humans,rossion,rossion,humans,rossion,humans,humans,rossion,rossion,humans,rossion,humans,rossion,humans,humans,rossion,humans,rossion,rossion,humans,humans,rossion,rossion,humans,rossion,humans,humans,rossion
018,003,humans,rossion,rossion,humans,rossion,humans,rossion,humans,humans,rossion,humans,rossion,rossion,humans,humans,rossion,rossion,humans,rossion,humans,humans,rossion,humans,rossion,humans,rossion,humans,rossion,rossion,humans
018,004,humans,rossion,humans,rossion,rossion,humans,humans,rossion,humans,rossion,rossion,humans,humans,rossion,humans,rossion,humans,rossion,humans,rossion,humans,rossion,humans,rossion,rossion,humans,humans,rossion,humans,rossion
018,005,humans,rossion,humans,rossion,rossion,humans,humans,rossion,humans,rossion,rossion,humans,humans,rossion,humans,rossion,rossion,humans,humans,rossion,humans,rossion,rossion,humans,rossion,humans,rossion,humans,rossion,humans
018,006,humans,rossion,humans,rossion,humans,rossion,humans,rossion,rossion,humans,rossion,humans,humans,rossion,humans,rossion,humans,rossion,rossion,humans,humans,rossion,rossion,humans,rossion,humans,humans,rossion,rossion,humans
018,007,humans,rossion,humans,rossion,rossion,humans,rossion,humans,rossion,humans,humans,rossion,rossion,humans,rossion,humans,rossion,humans,rossion,humans,rossion,humans,rossion,humans,humans,rossion,humans,rossion,rossion,humans
018,008,humans,rossion,humans,rossion,humans,rossion,humans,rossion,humans,rossion,humans,rossion,humans,rossion,humans,rossion,humans,rossion,humans,rossion,rossion,humans,humans,rossion,rossion,humans,rossion,humans,humans,rossion
018,009,humans,rossion,rossion,humans,rossion,humans,rossion,humans,rossion,humans,rossion,humans,humans,rossion,humans,rossion,humans,rossion,humans,rossion,rossion,humans,humans,rossion,rossion,humans,rossion,humans,rossion,humans
018,010,humans,rossion,humans,rossion,rossion,humans,rossion,humans,humans,rossion,humans,rossion,humans,rossion,rossion,humans,humans,rossion,rossion,humans,humans,rossion,rossion,humans,humans,rossion,humans,rossion,humans,rossion
019,001,rossion,humans,humans,rossion,rossion,humans,rossion,humans,rossion,humans,rossion,humans,humans,rossion,rossion,humans,humans,rossion,humans,rossion,rossion,humans,rossion,humans,rossion,humans,rossion,humans,rossion,humans
019,002,rossion,humans,humans,rossion,rossion,humans,rossion,humans,humans,rossion,rossion,humans,humans,rossion,humans,rossion,rossion,humans,rossion,humans,humans,rossion,humans,rossion,rossion,humans,rossion,humans,rossion,humans
019,003,rossion,humans,humans,rossion,rossion,humans,rossion,humans,rossion,humans,humans,rossion,humans,rossion,rossion,humans,rossion,humans,rossion,humans,humans,rossion,rossion,humans,humans,rossion,rossion,humans,rossion,humans
019,004,rossion,humans,rossion,humans,humans,rossion,humans,rossion,rossion,humans,rossion,humans,rossion,humans,humans,rossion,rossion,humans,humans,rossion,rossion,humans,humans,rossion,rossion,humans,humans,rossion,humans,rossion
019,005,humans,rossion,humans,rossion,rossion,humans,humans,rossion,humans,rossion,humans,rossion,humans,rossion,rossion,humans,rossion,humans,humans,rossion,rossion,humans,rossion,humans,humans,rossion,rossion,humans,humans,rossion
019,006,humans,rossion,rossion,humans,humans,rossion,rossion,humans,humans,rossion,rossion,humans,humans,rossion,rossion,humans,rossion,humans,humans,rossion,humans,rossion,humans,rossion,humans,rossion,humans,rossion,humans,rossion
019,007,rossion,humans,rossion,humans,rossion,humans,humans,rossion,humans,rossion,humans,rossion,humans,rossion,rossion,humans,humans,rossion,humans,rossion,humans,rossion,rossion,humans,humans,rossion,rossion,humans,rossion,humans
019,008,rossion,humans,humans,rossion,humans,rossion,humans,rossion,rossion,humans,rossion,humans,rossion,humans,rossion,humans,rossion,humans,rossion,humans,humans,rossion,humans,rossion,rossion,humans,humans,rossion,rossion,humans
019,009,rossion,humans,rossion,humans,rossion,humans,rossion,humans,rossion,humans,rossion,humans,rossion,humans,rossion,humans,rossion,humans,humans,rossion,humans,rossion,humans,rossion,humans,rossion,rossion,humans,humans,rossion
019,010,humans,rossion,humans,rossion,humans,rossion,humans,rossion,humans,rossion,rossion,humans,humans,rossion,humans,rossion,humans,rossion,rossion,humans,humans,rossion,humans,rossion,rossion,humans,rossion,humans,rossion,humans
